Audit Type,Component,Status,Severity,Finding,Remediation,Date,Scanned By,Notes
Code Security,manage-season.tsx,PASSED,None,Error toast notifications added - secure error handling implementation,All catch blocks now show error toasts instead of modals,2024-12-19,Snyk Code Scan,Prevents user information leakage through error modals
Code Security,Error Handling Pattern,PASSED,None,Standardized error handling across all API operations,Set error state with sanitized messages and visible flags,2024-12-19,Manual Review,All error messages are user-safe and non-technical
Input Validation,Game deletion,PASSED,None,Error messages properly escaped and displayed in Toast UI,No injection risks in error toast component,2024-12-19,Code Review,Ionicons and Text components properly isolate error content
Input Validation,Game approval/rejection,PASSED,None,Error messages are extracted from error.message field,Safe string extraction prevents code injection,2024-12-19,Code Review,Catch blocks validate error type before extraction
Data Security,Error messages,PASSED,None,Sensitive information not exposed in error toasts,Only user-friendly messages displayed to users,2024-12-19,Code Review,Technical errors logged to console only
UI Security,Toast component,PASSED,None,Error toast uses proper React Native components,No HTML rendering or eval() usage detected,2024-12-19,Component Review,Position absolute within SafeAreaView ensures proper containment
Access Control,Team selector,PASSED,None,Coach role guard present on mount,User is redirected if role is not 'coach',2024-12-19,Code Review,Guard in useEffect prevents unauthorized access
Error Recovery,Refresh mechanism,PASSED,None,Pull-to-refresh with proper error handling,Errors displayed but do not prevent UI refresh on retry,2024-12-19,Code Review,User can retry operations after errors occur
Network Security,API calls,PASSED,None,All API errors caught and handled,No unhandled promise rejections,2024-12-19,Code Review,Error handling prevents crash loops
Dependency Security,manage-season.tsx,PASSED,None,Uses only sanctioned imports from @expo and @/api,No external or third-party libraries with known vulns,2024-12-19,Manual Review,Imports from verified paths only
State Management,Error state,PASSED,None,Error state includes timestamp for debugging,Errors auto-clear when user closes toast,2024-12-19,Code Review,Timestamp helps identify error recurrence patterns
